-- MySQL Script generated by MySQL Workbench
-- Tue Apr 16 04:48:33 2024
-- Model: New Model    Version: 1.0
-- MySQL Workbench Forward Engineering

SET @OLD_UNIQUE_CHECKS=@@UNIQUE_CHECKS, UNIQUE_CHECKS=0;
SET @OLD_FOREIGN_KEY_CHECKS=@@FOREIGN_KEY_CHECKS, FOREIGN_KEY_CHECKS=0;
SET @OLD_SQL_MODE=@@SQL_MODE, SQL_MODE='ONLY_FULL_GROUP_BY,STRICT_TRANS_TABLES,NO_ZERO_IN_DATE,NO_ZERO_DATE,ERROR_FOR_DIVISION_BY_ZERO,NO_ENGINE_SUBSTITUTION';

-- -----------------------------------------------------
-- Schema mydb
-- -----------------------------------------------------
-- -----------------------------------------------------
-- Schema lab_crud
-- -----------------------------------------------------
DROP SCHEMA IF EXISTS `lab_crud` ;

-- -----------------------------------------------------
-- Schema lab_crud
-- -----------------------------------------------------
CREATE SCHEMA IF NOT EXISTS `lab_crud` DEFAULT CHARACTER SET utf8mb4 COLLATE utf8mb4_0900_ai_ci ;
USE `lab_crud` ;

-- -----------------------------------------------------
-- Table `lab_crud`.`departamentos`
-- -----------------------------------------------------
DROP TABLE IF EXISTS `lab_crud`.`departamentos` ;

CREATE TABLE IF NOT EXISTS `lab_crud`.`departamentos` (
  `id` INT NOT NULL AUTO_INCREMENT,
  `nombre` VARCHAR(45) NULL,
  `pais` VARCHAR(45) NULL DEFAULT 'Colombia',
  PRIMARY KEY (`id`))
ENGINE = InnoDB;


-- -----------------------------------------------------
-- Table `lab_crud`.`municipios`
-- -----------------------------------------------------
DROP TABLE IF EXISTS `lab_crud`.`municipios` ;

CREATE TABLE IF NOT EXISTS `lab_crud`.`municipios` (
  `id` INT NOT NULL AUTO_INCREMENT,
  `nombre` VARCHAR(100) NOT NULL,
  `id_departamento` INT NOT NULL,
  PRIMARY KEY (`id`, `id_departamento`),
  INDEX `fk_municipios_departamentos1_idx` (`id_departamento` ASC) VISIBLE,
  CONSTRAINT `fk_municipios_departamentos1`
    FOREIGN KEY (`id_departamento`)
    REFERENCES `lab_crud`.`departamentos` (`id`)
    ON DELETE NO ACTION
    ON UPDATE NO ACTION)
ENGINE = InnoDB
DEFAULT CHARACTER SET = utf8mb4
COLLATE = utf8mb4_0900_ai_ci;


-- -----------------------------------------------------
-- Table `lab_crud`.`viviendas`
-- -----------------------------------------------------
DROP TABLE IF EXISTS `lab_crud`.`viviendas` ;

CREATE TABLE IF NOT EXISTS `lab_crud`.`viviendas` (
  `id` INT NOT NULL AUTO_INCREMENT,
  `direccion` VARCHAR(50) NOT NULL,
  `id_municipio` INT NOT NULL,
  `capacidad` INT NOT NULL,
  `niveles` INT NOT NULL,
  `area` INT NULL,
  `categoria` VARCHAR(45) NULL,
  `estrato` INT NULL,
  PRIMARY KEY (`id`),
  INDEX `municipios` (`id_municipio` ASC) VISIBLE,
  CONSTRAINT `viviendas_ibfk_1`
    FOREIGN KEY (`id_municipio`)
    REFERENCES `lab_crud`.`municipios` (`id`))
ENGINE = InnoDB
AUTO_INCREMENT = 21
DEFAULT CHARACTER SET = utf8mb4
COLLATE = utf8mb4_0900_ai_ci;


-- -----------------------------------------------------
-- Table `lab_crud`.`personas`
-- -----------------------------------------------------
DROP TABLE IF EXISTS `lab_crud`.`personas` ;

CREATE TABLE IF NOT EXISTS `lab_crud`.`personas` (
  `id` INT NOT NULL AUTO_INCREMENT,
  `tipo_doc` TEXT NOT NULL,
  `nombre` TEXT NOT NULL,
  `fecha_nac` DATE NOT NULL,
  `sexo` VARCHAR(10) NOT NULL,
  `telefono` VARCHAR(20) NULL DEFAULT NULL,
  `id_vivienda_actual` INT NOT NULL,
  `id_municipio_origen` INT NOT NULL,
  PRIMARY KEY (`id`, `id_municipio_origen`),
  INDEX `vivienda_actual` (`id_vivienda_actual` ASC) VISIBLE,
  INDEX `fk_personas_municipios1_idx` (`id_municipio_origen` ASC) INVISIBLE,
  CONSTRAINT `personas_ibfk_1`
    FOREIGN KEY (`id_vivienda_actual`)
    REFERENCES `lab_crud`.`viviendas` (`id`),
  CONSTRAINT `fk_personas_municipios1`
    FOREIGN KEY (`id_municipio_origen`)
    REFERENCES `lab_crud`.`municipios` (`id`)
    ON DELETE NO ACTION
    ON UPDATE NO ACTION)
ENGINE = InnoDB
AUTO_INCREMENT = 21341413
DEFAULT CHARACTER SET = utf8mb4
COLLATE = utf8mb4_0900_ai_ci;


-- -----------------------------------------------------
-- Table `lab_crud`.`cdf`
-- -----------------------------------------------------
DROP TABLE IF EXISTS `lab_crud`.`cdf` ;

CREATE TABLE IF NOT EXISTS `lab_crud`.`cdf` (
  `id` INT NOT NULL AUTO_INCREMENT,
  `id_persona` INT NOT NULL,
  `id_cdf` INT NOT NULL,
  `fecha_registro` DATE NOT NULL,
  PRIMARY KEY (`id`),
  INDEX `id_persona` (`id_persona` ASC) VISIBLE,
  INDEX `id_cdf` (`id_cdf` ASC) VISIBLE,
  CONSTRAINT `cdf_ibfk_1`
    FOREIGN KEY (`id_persona`)
    REFERENCES `lab_crud`.`personas` (`id`),
  CONSTRAINT `cdf_ibfk_2`
    FOREIGN KEY (`id_cdf`)
    REFERENCES `lab_crud`.`personas` (`id`))
ENGINE = InnoDB
AUTO_INCREMENT = 26
DEFAULT CHARACTER SET = utf8mb4
COLLATE = utf8mb4_0900_ai_ci;


-- -----------------------------------------------------
-- Table `lab_crud`.`gobernadores`
-- -----------------------------------------------------
DROP TABLE IF EXISTS `lab_crud`.`gobernadores` ;

CREATE TABLE IF NOT EXISTS `lab_crud`.`gobernadores` (
  `id` INT NOT NULL AUTO_INCREMENT,
  `id_persona` INT NOT NULL,
  `id_departamento` INT NOT NULL,
  `fecha_registro` DATE NOT NULL,
  PRIMARY KEY (`id`, `id_departamento`),
  INDEX `id_persona` (`id_persona` ASC) VISIBLE,
  INDEX `id_departamento` (`id_departamento` ASC) INVISIBLE,
  CONSTRAINT `gobernadores_ibfk_1`
    FOREIGN KEY (`id_persona`)
    REFERENCES `lab_crud`.`personas` (`id`),
  CONSTRAINT `fk_gobernadores_departamentos1`
    FOREIGN KEY (`id_departamento`)
    REFERENCES `lab_crud`.`departamentos` (`id`)
    ON DELETE NO ACTION
    ON UPDATE NO ACTION)
ENGINE = InnoDB
AUTO_INCREMENT = 30
DEFAULT CHARACTER SET = utf8mb4
COLLATE = utf8mb4_0900_ai_ci;


-- -----------------------------------------------------
-- Table `lab_crud`.`posesiones`
-- -----------------------------------------------------
DROP TABLE IF EXISTS `lab_crud`.`posesiones` ;

CREATE TABLE IF NOT EXISTS `lab_crud`.`posesiones` (
  `id` INT NOT NULL AUTO_INCREMENT,
  `id_persona` INT NOT NULL,
  `id_vivienda` INT NOT NULL,
  `fecha_posesion` DATE NOT NULL,
  PRIMARY KEY (`id`),
  INDEX `id_persona` (`id_persona` ASC) VISIBLE,
  INDEX `id_vivienda` (`id_vivienda` ASC) VISIBLE,
  CONSTRAINT `posesiones_ibfk_1`
    FOREIGN KEY (`id_persona`)
    REFERENCES `lab_crud`.`personas` (`id`),
  CONSTRAINT `posesiones_ibfk_2`
    FOREIGN KEY (`id_vivienda`)
    REFERENCES `lab_crud`.`viviendas` (`id`))
ENGINE = InnoDB
AUTO_INCREMENT = 30
DEFAULT CHARACTER SET = utf8mb4
COLLATE = utf8mb4_0900_ai_ci;


-- -----------------------------------------------------
-- Table `lab_crud`.`alcaldes`
-- -----------------------------------------------------
DROP TABLE IF EXISTS `lab_crud`.`alcaldes` ;

CREATE TABLE IF NOT EXISTS `lab_crud`.`alcaldes` (
  `id` INT NOT NULL AUTO_INCREMENT,
  `id_persona` INT NULL,
  `id_municipio` INT NULL,
  `fecha_registro` DATE NULL,
  PRIMARY KEY (`id`),
  INDEX `alcaldes_ibfk_1_idx` (`id_persona` ASC) VISIBLE,
  INDEX `alcaldes_ibfk_2_idx` (`id_municipio` ASC) VISIBLE,
  CONSTRAINT `alcaldes_ibfk_1`
    FOREIGN KEY (`id_persona`)
    REFERENCES `lab_crud`.`personas` (`id`)
    ON DELETE NO ACTION
    ON UPDATE NO ACTION,
  CONSTRAINT `alcaldes_ibfk_2`
    FOREIGN KEY (`id_municipio`)
    REFERENCES `lab_crud`.`municipios` (`id`)
    ON DELETE NO ACTION
    ON UPDATE NO ACTION)
ENGINE = InnoDB;


SET SQL_MODE=@OLD_SQL_MODE;
SET FOREIGN_KEY_CHECKS=@OLD_FOREIGN_KEY_CHECKS;
SET UNIQUE_CHECKS=@OLD_UNIQUE_CHECKS;

INSERT INTO departamentos (id, nombre, pais)
VALUES
    (1, 'Amazonas', 'Colombia'),
    (2, 'Antioquia', 'Colombia'),
    (3, 'Arauca', 'Colombia'),
    (4, 'Atlántico', 'Colombia'),
    (5, 'Bolívar', 'Colombia'),
    (6, 'Boyacá', 'Colombia'),
    (7, 'Caldas', 'Colombia'),
    (8, 'Caquetá', 'Colombia'),
    (9, 'Casanare', 'Colombia'),
    (10, 'Cauca', 'Colombia'),
    (11, 'Cesar', 'Colombia'),
    (12, 'Chocó', 'Colombia'),
    (13, 'Córdoba', 'Colombia'),
    (14, 'Cundinamarca', 'Colombia'),
    (15, 'Guainía', 'Colombia'),
    (16, 'Guaviare', 'Colombia'),
    (17, 'Huila', 'Colombia'),
    (18, 'La Guajira', 'Colombia'),
    (19, 'Magdalena', 'Colombia'),
    (20, 'Meta', 'Colombia'),
    (21, 'Nariño', 'Colombia'),
    (22, 'Norte de Santander', 'Colombia'),
    (23, 'Putumayo', 'Colombia'),
    (24, 'Quindío', 'Colombia'),
    (25, 'Risaralda', 'Colombia'),
    (26, 'San Andrés y Providencia', 'Colombia'),
    (27, 'Santander', 'Colombia'),
    (28, 'Sucre', 'Colombia'),
    (29, 'Tolima', 'Colombia'),
    (30, 'Valle del Cauca', 'Colombia'),
    (31, 'Vaupés', 'Colombia'),
    (32, 'Vichada', 'Colombia');


INSERT INTO MUNICIPIOS (id, nombre, id_departamento)
VALUES
    (1, 'Bogotá', 14),
    (2, 'Soacha', 14),
    (3, 'Chía', 14),
    (4, 'Cajicá', 14),
    (5, 'Girardot', 14),
    (6, 'Zipaquirá', 14),
    (7, 'Funza', 14),
    (8, 'Facatativá', 14),
    (9, 'Cota', 14),
    (10, 'Mosquera', 14),
    (11, 'Sibaté', 14),
    (12, 'Madrid', 14),
    (13, 'Subachoque', 14),
    (14, 'Sopó', 14),
    (15, 'Tabio', 14),
    (16, 'Tenjo', 14),
    (17, 'Tocancipá', 14),
    (18, 'La Calera', 14),
    (19, 'Gachancipá', 14),
    (20, 'Nemocón', 14),
    (21, 'Ibagué', 29),
    (22, 'Sincelejo', 28),
    (23, 'Valledupar', 11),
    (24, 'Quibdó', 12),
    (25, 'Yopal', 9),
    (26, 'Leticia', 1),
    (27, 'Arauca', 3),
    (28, 'San José del Guaviare', 16),
    (29, 'Florencia', 8),
    (30, 'Mocoa', 23),
    (31, 'San Andrés', 26),
    (32, 'Mitú', 31),
    (33, 'Puerto Carreño', 32),
    (34, 'Inírida', 15),
    (35, 'Cáchira', 14),
    (36, 'Cácota', 14),
    (37, 'Chinácota', 14),
    (38, 'Concepción', 14),
    (39, 'Convención', 14),
    (40, 'Cúcuta', 14),
    (41, 'Cuítiva', 15),
    (42, 'Chácharo', 23),
    (43, 'Chinchiná', 17),
    (44, 'Chiriguaná', 23),
    (45, 'Chiquiza', 15),
    (46, 'Chiscas', 15),
    (47, 'Ciénaga', 28),
    (48, 'Cimitarra', 18),
    (49, 'Ciudad Bolívar', 18),
    (50, 'Ciudad de Llano', 25),
    (51, 'Ciudad del Carmen', 13);


INSERT INTO VIVIENDAS (id, direccion, id_municipio, capacidad, niveles, area, categoria, estrato)
VALUES
    (1, 'Calle 123', 1, 4, 2, 100, 'apartamento', 3),
    (2, 'Carrera 123', 2, 7, 3, 150, 'casa', 4),
    (3, 'Avenida 123', 3, 5, 2, 120, 'apartamento', 3),
    (4, 'Calle Principal', 4, 6, 3, 200, 'casa', 4),
    (5, 'Carrera Principal', 5, 3, 1, 80, 'apartamento', 2),
    (6, 'Avenida Principal', 6, 8, 3, 250, 'casa', 4),
    (7, 'Calle 456', 1, 2, 1, 70, 'apartamento', 2),
    (8, 'Carrera 456', 2, 5, 2, 130, 'casa', 3),
    (9, 'Avenida 789', 3, 3, 1, 90, 'apartamento', 2),
    (10, 'Calle 789', 4, 7, 3, 220, 'casa', 4),
    (11, 'Carrera 1011', 5, 4, 2, 110, 'apartamento', 3),
    (12, 'Avenida 1213', 6, 6, 3, 180, 'casa', 4),
    (13, 'Calle 1415', 1, 3, 1, 80, 'apartamento', 2),
    (14, 'Carrera 1617', 2, 6, 3, 200, 'casa', 4),
    (15, 'Avenida 1819', 3, 4, 2, 120, 'apartamento', 3),
    (16, 'Calle 2021', 4, 7, 3, 230, 'casa', 4),
    (17, 'Carrera 2223', 5, 5, 2, 140, 'apartamento', 3),
    (18, 'Avenida 2425', 6, 8, 3, 260, 'casa', 4),
    (19, 'Calle 2627', 1, 2, 1, 90, 'apartamento', 2),
    (20, 'Carrera 2829', 2, 6, 3, 210, 'casa', 4),
    (21, 'Avenida 3031', 3, 5, 2, 130, 'apartamento', 3),
    (22, 'Calle 3233', 4, 8, 3, 270, 'casa', 4),
    (23, 'Carrera 3435', 5, 4, 2, 150, 'apartamento', 3),
    (24, 'Avenida 3637', 6, 7, 3, 240, 'casa', 4),
    (25, 'Calle 1234', 1, 2, 1, 80, 'casa', 5),
    (26, 'Carrera 5678', 2, 3, 2, 120, 'apartamento', 6),
    (27, 'Avenida 91011', 3, 4, 2, 150, 'casa', 7),
    (28, 'Calle 121314', 4, 5, 3, 200, 'apartamento', 3),
    (29, 'Carrera 151617', 5, 6, 3, 250, 'casa', 4),
    (30, 'Avenida 181920', 6, 7, 4, 300, 'apartamento', 1),
    (31, 'Calle 212223', 1, 2, 1, 80, 'casa', 1),
    (32, 'Carrera 242526', 2, 3, 2, 120, 'apartamento', 2),
    (33, 'Avenida 272829', 3, 4, 2, 150, 'casa', 3),
    (34, 'Calle 303132', 4, 5, 3, 200, 'apartamento', 4),
    (35, 'Carrera 333435', 5, 6, 3, 250, 'casa', 5),
    (36, 'Avenida 363738', 6, 7, 4, 300, 'apartamento', 6),
    (37, 'Avenida 363738', 6, 7, 4, 300, 'casa', 6),
    (38, 'Avenida 363738', 6, 7, 4, 340, 'apartamento', 1),
    (39, 'Avenida 363738', 6, 7, 4, 330, 'casa', 6),
    (40, 'Avenida 363738', 6, 7, 4, 360, 'casa', 1),
    (41, 'Avenida 363738', 6, 7, 4, 370, 'apartamento', 1),
    (42, 'Avenida 363738', 6, 7, 4, 650, 'casa', 6),
    (43, 'Avenida 363738', 6, 7, 4, 380, 'apartamento', 1);

    


-- Insertar filas en la tabla PERSONAS
INSERT INTO PERSONAS (id, tipo_doc, nombre, fecha_nac, sexo, telefono, id_vivienda_actual, id_municipio_origen)
VALUES
    (1, 'DNI', 'Juan Pérez', '1990-05-15', 'Masculino', 123456789, 1, 1),
    (2, 'Cédula', 'María García', '1985-10-20', 'Femenino', NULL, 2, 2),
    (3, 'Cédula', 'Pedro Rodríguez', '2000-03-08', 'Masculino', 987654321, 3, 3),
    (4, 'Pasaporte', 'Luisa Martínez', '1993-12-30', 'Femenino', 876543210, 4, 4),
    (5, 'DNI', 'Carlos González', '1987-07-22', 'Masculino', 234567890, 5, 5),
    (6, 'Cédula', 'Ana López', '1998-09-18', 'Femenino', NULL, 6, 6),
    (7, 'Cédula', 'Mario Sánchez', '2005-02-14', 'Masculino', 345678901, 7, 7),
    (8, 'DNI', 'Laura Fernández', '1991-06-25', 'Femenino', 456789012, 8, 8),
    (9, 'Pasaporte', 'Ricardo Torres', '1984-11-10', 'Masculino', 567890123, 9, 9),
    (10, 'Cédula', 'Isabel Ramírez', '2002-04-03', 'Femenino', NULL, 10,10),
    (11, 'DNI', 'Daniel Pérez', '1996-08-19', 'Masculino', 678901234, 11, 11),
    (12, 'Cédula', 'Sofía García', '1989-01-05', 'Femenino', 789012345, 12, 12),
    (13, 'Pasaporte', 'Miguel Rodríguez', '2003-07-12', 'Masculino', 890123456, 13, 13),
    (14, 'DNI', 'Elena Martínez', '1995-02-28', 'Femenino', 901234567, 14, 14),
    (15, 'Cédula', 'Diego López', '1999-10-15', 'Masculino', NULL, 15, 15),
    (16, 'Cédula', 'Valentina Sánchez', '1986-04-01', 'Femenino', 123456789, 16, 16),
    (17, 'Pasaporte', 'Andrés Fernández', '2001-11-23', 'Masculino', 234567890, 17, 17),
    (18, 'DNI', 'Camila Torres', '1994-09-07', 'Femenino', 345678901, 18, 18),
    (19, 'Cédula', 'Javier Ramírez', '1988-03-16', 'Masculino', 456789012, 19, 19),
    (20, 'Cédula', 'Carolina Pérez', '2004-06-09', 'Femenino', 567890123, 20, 20),
    (21, 'Cédula', 'Pedro González', '1991-08-25', 'Masculino', 678901234, 21, 21),
    (22, 'Pasaporte', 'Sofía Martínez', '1985-02-14', 'Femenino', 789012345, 22, 22),
    (23, 'DNI', 'David Rodríguez', '2000-12-31', 'Masculino', 890123456, 23, 23),
    (24, 'Cédula', 'Ana López', '1993-07-04', 'Femenino', 901234567, 24, 24),
    (25, 'Cédula', 'Juan García', '1989-05-18', 'Masculino', 123456789, 25, 25),
    (26, 'Cédula', 'María Pérez', '2005-01-10', 'Femenino', 234567890, 26, 26),
    (27, 'Pasaporte', 'Pablo Jiménez', '1992-11-09', 'Masculino', 345678901, 27, 27),
    (28, 'DNI', 'Laura Muñoz', '1998-06-22', 'Femenino', 456789012, 28, 28),
    (29, 'Cédula', 'Carlos Vargas', '1990-04-06', 'Masculino', 567890123, 29, 29),
    (30, 'Cédula', 'Isabel Romero', '2006-03-12', 'Femenino', 678901234, 30, 30),
    (31, 'Cédula', 'Ricardo Vargas', '1987-07-31', 'Masculino', 780123456, 31, 31),
    (32, 'Pasaporte', 'Isabel Méndez', '1989-08-30', 'Femenino', 801234567, 32, 32),
    (33, 'DNI', 'Gabriel Ruiz', '1991-09-29', 'Masculino', 123456789, 33, 33),
    (34, 'Cédula', 'Carmen Herrera', '1993-10-28', 'Femenino', 234567890, 34, 34),
    (35, 'Cédula', 'Roberto Díaz', '1995-11-27', 'Masculino', 345678901, 35, 35),
    (36, 'Pasaporte', 'María Jiménez', '1997-12-26', 'Femenino', 456789012, 36, 36),
    (37, 'DNI', 'Alberto Romero', '1999-01-25', 'Masculino', 567890123, 37, 37),
    (38, 'Cédula', 'Teresa Navarro', '2001-02-24', 'Femenino', 678901234, 38, 38),
    (39, 'Cédula', 'Jorge Guerra', '2003-03-25', 'Masculino', 789012345, 39, 39),
    (40, 'Pasaporte', 'Sandra Peña', '2005-04-24', 'Femenino', 890123456, 40, 40);




-- Insertar filas en la tabla CDF
INSERT INTO CDF (id_persona, id_cdf, fecha_registro)
VALUES
    (2, 1, '2023-08-01'),
    (3, 1, '2023-08-02'),
    (4, 2, '2023-08-03'),
    (5, 2, '2023-08-04'),
    (6, 3, '2023-08-05'),
    (7, 3, '2023-08-06'),
    (8, 4, '2023-08-07'),
    (9, 4, '2023-08-08'),
    (10, 5, '2023-08-09'),
    (11, 5, '2023-08-10'),
    (12, 6, '2023-08-11'),
    (13, 6, '2023-08-12'),
    (14, 7, '2023-08-13'),
    (15, 7, '2023-08-14'),
    (16, 8, '2023-08-15'),
    (17, 8, '2023-08-16'),
    (18, 9, '2023-08-17'),
    (19, 9, '2023-08-18'),
    (20, 10, '2023-08-19');


-- Insertar filas en la tabla posesiones
INSERT INTO posesiones (id_persona, id_vivienda, fecha_posesion)
VALUES
    (1, 1, '2023-08-01'),
    (1, 2, '2023-08-02'),
    (2, 3, '2023-08-03'),
    (2, 4, '2023-08-04'),
    (3, 5, '2023-08-05'),
    (3, 6, '2023-08-06'),
    (4, 7, '2023-08-07'),
    (4, 8, '2023-08-08'),
    (5, 9, '2023-08-09'),
    (5, 10, '2023-08-10'),
    (6, 11, '2023-08-11'),
    (6, 12, '2023-08-12'),
    (7, 13, '2023-08-13'),
    (7, 14, '2023-08-14'),
    (8, 15, '2023-08-15'),
    (8, 16, '2023-08-16'),
    (9, 17, '2023-08-17'),
    (9, 18, '2023-08-18'),
    (10, 19, '2023-08-19'),
    (10, 20, '2023-08-20');


-- Insertar filas en la tabla gobernadores
INSERT INTO gobernadores (id_persona, id_departamento, fecha_registro )
VALUES
    (1, 1, '2023-01-01'),
    (2, 2, '2023-02-01'),
    (3, 3, '2023-03-01'),
    (4, 4, '2023-04-01'),
    (5, 5, '2023-05-01'),
    (6, 6, '2023-06-01'),
    (7, 1, '2023-07-01'),
    (8, 2, '2023-08-01'),
    (9, 3, '2023-09-01'),
    (10, 4, '2023-10-01'),
    (11, 5, '2023-11-01'),
    (12, 6, '2023-12-01'),
    (13, 1, '2024-01-01'),
    (14, 2, '2024-02-01'),
    (15, 3, '2024-03-01'),
    (16, 4, '2024-04-01'),
    (17, 5, '2024-05-01'),
    (18, 6, '2024-06-01'),
    (19, 1, '2024-07-01'),
    (20, 2, '2024-08-01'),
    (21, 2, '2024-08-01'),
    (22, 2, '2024-08-01'),
    (23, 2, '2024-08-01'),
    (24, 2, '2024-08-01'),
    (25, 2, '2024-08-01'),
    (26, 2, '2024-08-01'),
    (27, 2, '2024-08-01'),
    (28, 2, '2024-08-01'),
    (29, 2, '2024-08-01'),
    (30, 2, '2024-08-01'),
    (31, 2, '2024-08-01'),
    (32, 2, '2024-08-01');



INSERT INTO alcaldes (id_persona, id_municipio, fecha_registro)
VALUES
    (33, 2, '2024-08-01'),
    (34, 2, '2024-08-01'),
    (35, 2, '2024-08-01'),
    (36, 2, '2024-08-01'),
    (37, 2, '2024-08-01');


    
